cluster,profissao,count
0,Merendeira,204
0,Professor Ii,142
0,Aux De Enfermagem 2º Grau,79
0,Agente De Educação Infantil,52
0,Aux. De Enfermagem,44
0,Professor,44
0,Guarda Municipal,42
0,Ag. De Educação Infantil,40
0,Auxiliar De Enfermagem,38
0,Agente Educador Ii,29
0,Aux De Enfermagem,29
0,Professor Docente I - 18 Horas,29
0,Prof Ii,18
0,Aposentada,15
0,Enfermeiro,15
0,Professor De Educação Infantil,15
0,Agente De Administração,14
0,Aux De Controle De Endemias,14
0,Prof. Ii,14
0,Ag De Educação Infantil,12
0,Professor De Ensino Fundamenta,12
0,Aux. Creche,11
0,Auxiliar De Controle De Endemi,11
0,Secretario Escolar,11
0,Tecnico De Enfermagem,11
0,Aux De Enfermagem 1º Grau,10
0,Gari,9
0,Prof.Ii,9
0,Enfermeira,8
0,Professora Ii,8
0,Secretaria Escolar,8
0,Ag De Administração,7
0,Aux. De Creche,7
0,Professora,7
0,Recepcionista,7
0,Ag. De Administração,6
0,Assistente,6
0,Aux. Controle De Endemias,6
0,Aux. De Controle De Endemias,6
0,Auxiliar De Enfermagem 2º Grau,6
0,Professor Docente I,6
0,Soldado Bm,6
0,3º Sargento Pm,5
0,Agente Auxiliar De Creche,5
0,Agente De Ed. Infantil,5
0,Aux. De Enfermagem - 2º Grau,5
0,Inspetor De Alunos,5
0,Prof. De Educação Infantil,5
0,Professor Adjunto De Educação,5
0,Professor Docente I - 30 Horas,5
0,Ag Aux De Creche,4
0,Ag. Educação Infantil,4
0,Agente De Educaçao Infantil,4
0,Agente De Portaria,4
0,Assistente Ii,4
0,Assistente Social,4
0,Aux. Enfermagem,4
0,Aux.Creche,4
0,Auxiliar De Enfermagem 2° Grau,4
0,Prof,4
0,Prof De Educação Infantil,4
0,Prof I - Ingles,4
0,Prof. De Ensino Fundamental,4
0,Soldado Pm,4
0,Tecnico De Laboratorio,4
0,Ag Educador Ii,3
0,Ag. De Ed. Infantil,3
0,Agente Administrativo,3
0,Agente De Educação Ii,3
0,Assistente Administrativo De S,3
0,Assistente Executivo,3
0,Aux. De Educação Infantil,3
0,Aux. De Enf.,3
0,Aux. De Enfermagem 2º Grau,3
0,Aux. De Laboratorio,3
0,Aux.De Enfermagem,3
0,Auxiliar De Laboratorio,3
0,Cabo Bm,3
0,Cabo Pm,3
0,Datilografo,3
0,Pensionista,3
0,Professor Docente I 18 Horas,3
0,3º Sargento Bm,2
0,Ag Educação Infantil,2
0,Ag. De Educaçao Infantil,2
0,Ag. Educador Ii,2
0,Agente Aux. De Creche,2
0,Agente De Documentação Médica,2
0,Agente De Educacao Infantil,2
0,Agente De Educador Ii,2
0,Agente Educador,2
0,Ajudante I,2
0,Aluno Of Pm,2
0,Assessor,2
0,Aux De Enfermagem ( Enq. Forma,2
0,Aux De Enfermagem 2ª Grau,2
0,Aux De Laboratorio,2
0,Aux. De Enfermagem - 2ª Grau,2
0,Auxiliar De Enfermagem ( Enq.,2
0,Auxiliar De Enfermagem 2ª Grau,2
0,Chefe De Setor,2
0,Continuo,2
0,Coordenador,2
0,Copeira,2
0,Copeiro,2
0,Farmaceutico,2
0,Inspetor De Alunos 2 G,2
0,Investigador Policial,2
0,Merendeiro,2
0,Prof De Ensino Fundamental,2
0,Prof I,2
0,Prof I - Geografia,2
0,Prof I Ciencias,2
0,Prof I Educação Fisica,2
0,Prof. Educação Infantil,2
0,Prof. I - História,2
0,Professor Docente - 18 Horas,2
0,Professor Docente 1,2
0,Professor Docente I - 18 Hora,2
0,Profissional De Nivel Medio,2
0,Soldado,2
0,Soldado Classe A,2
0,2º Sargento,1
0,Ag Adm,1
0,Ag Administração,1
0,Ag De Administração / Chefe Ii,1
0,Ag De Apoio De Educação Infant,1
0,Ag De Apoio Educação Especial,1
0,Ag De Doc Medica/Chefe Ii,1
0,Ag De Educacao Infantil,1
0,Ag De Preparador De Alimentos,1
0,Ag De Preparo De Alimentos,1
0,Ag De Segurança Socioeducativo,1
0,Ag. Administração,1
0,Ag. Auxiliar De Creche,1
0,Ag. De Adm.,1
0,Ag. De Administraçao,1
0,Ag. De Administração/Assistent,1
0,Ag. De Doc. Medica,1
0,Ag. De Doc. Médica / Ghefe Ii,1
0,Ag.Educador Ii,1
0,Ag.Educação Infantil,1
0,Agen. De Administração/ Subg,1
0,Agente Administraçao,1
0,Agente Aux De Creche,1
0,Agente Aux.De Creche,1
0,Agente De Adm.,1
0,Agente De Administação,1
0,Agente De Administracao,1
0,Agente De Administracão,1
0,Agente De Administração / Assi,1
0,Agente De Adminstração,1
0,Agente De Aducação Infantil,1
0,Agente De Apoio Educacional Es,1
0,Agente De Educ. Infantil,1
0,Agente De Educacão Infantil,1
0,Agente De Inspeção De Controle,1
0,Agente De Preparo De Alimentos,1
0,Agente De Recepção Acolhedor,1
0,Agente De Seg. Socioeducativa,1
0,Agente De Segurança Socioeduca,1
0,Agente Educardor Ii,1
0,Agente Educação Infantil,1
0,Agregada,1
0,Ajudante Ii,1
0,Aposentado,1
0,Ascensorista,1
0,Ass. Social,1
0,Assessor De Planejamento,1
0,Assist.Ciencia Tec F.Ibge,1
0,Assistente De Diretoria,1
0,Assistente I,1
0,Assistente Operacional,1
0,Assistente Tecnico Administrat,1
0,Assistente Técnico Administrat,1
0,Assistência Social,1
0,Atendente De Consult Dentario,1
0,Atendente De Consultorio Denta,1
0,Auditor Pleno,1
0,Aux Administrativo,1
0,Aux De Cont. De Endemias,1
0,Aux De Controle De Endemias/Ch,1
0,Aux De Controle Endemias,1
0,Aux De Enfermagem - 2º Grau,1
0,Aux De Enfermagem 2 º Grau,1
0,Aux De Enfermagem 2° Grau,1
0,Aux De Enfermagem-2ª Grau,1
0,Aux De Enfermagem-2ºgrau,1
0,Aux De Enfermgem 2º Grau,1
0,Aux De Imob Em Ortopedista,1
0,Aux De Imobilização Em Ortoped,1
0,Aux Operacional,1
0,"Aux, De Controle De Endemias",1
0,Aux. De Enfermagem - 1. Grau,1
0,Aux. De Enfermagem 1º Grau,1
0,Aux. De Enfermagem 2 Grau,1
0,Aux. De Enfermagem- 2ª Grau,1
0,Aux. De Enfermagem-2ª Grau,1
0,Aux. De Enfermagem-2º Grau,1
0,Aux. De Enfermagen,1
0,Aux. De Enfrmagem - 2º Grau,1
0,Auxi De Controle De Endemias,1
0,Auxi. De Controle De Endemias,1
0,Auxil De Enfermagem,1
0,Auxilair De Enfermagem 2º Grau,1
0,Auxiliar De Contas A Pagar,1
0,Auxiliar De Creche,1
0,Auxiliar De Enferagem,1
0,Auxiliar De Enfermagem (Enq. F,1
0,Auxiliar De Enfermagem - 2ª Gr,1
0,Auxiliar De Enfermagem - 2° Gr,1
0,Auxiliar De Enfermagem - 2º Gr,1
0,Auxiliar De Enfermagem Enq. Fo,1
0,Auxiliar De Enfermagem- 2 Grau,1
0,Auxiliar De Enfermagem-2ª Grau,1
0,Auxiliar De Enfermagem-2ºgrau,1
0,Auxiliar De Enfermagen,1
0,Auxiliar De Enfernagem,1
0,Auxiliar De Imobilizaçao Em Or,1
0,Auxiliar De Serviços De Apoio,1
0,Auxiliar De Serviços Gerais,1
0,Auxiliar De Turma I (Rio Luz),1
0,Auxiliar Financeira,1
0,Auxiliar Operacional,1
0,Auxiliarc De Enfermagem,1
0,Axiliar De Enfermagem,1
0,Cabo Da Pm,1
0,Cabo P.M.,1
0,Cargo Em Comissão,1
0,Carpinteiro,1
0,Chefe De Equipe Tecnica,1
0,Contrato Temporário,1
0,Contínuo,1
0,Cozinheiro,1
0,Datilografo / Secretario I,1
0,Datilografo/Subgerente Iv,1
0,Diretora Financeira,1
0,Educação,1
0,Egente De Educação Infantil,1
0,Eletricista De Rede,1
0,Enfemeiro,1
0,Enfermeira/Chefe Ii,1
0,Enfermeiro / Chefe Ii,1
0,Enfermeiro/Chefe,1
0,Esp. Assist. 1,1
0,Especial / Assistente I,1
0,Especial/ Assistente,1
0,Especialista Nivel De Apoio,1
0,Garia,1
0,Gerente Operacional,1
0,Guarda De Endemia,1
0,Iii Sargento B M,1
0,Inspetor De Aluno 2 G,1
0,Inspetor De Alunos 2G,1
0,Lavandeiro,1
0,Medico Dermatologia,1
0,Merendeira / Chefe Ii,1
0,Militar,1
0,Militar - Pm,1
0,Militar Ativo,1
0,Militar Da Aeronautica,1
0,Nomeado Cargo Comis.,1
0,Nutricionista,1
0,P Ii-Coordenador Pedagógico,1
0,Prf. De Educação Infantil,1
0,Prof - Inglês,1
0,Prof / Secretaria,1
0,Prof Adj Educaçãi Infantil,1
0,Prof De Educacao Infantil,1
0,Prof De Educaçao Infantil,1
0,Prof I - Artes Plasticas,1
0,Prof I - Ciencias,1
0,Prof I - Ciência,1
0,Prof I - Educacao Fisica,1
0,Prof I - Educação Fisica,1
0,Prof I - Inglês,1
0,Prof I - Lingua Portuguesa,1
0,Prof I - Matematica/Diretor Iv,1
0,Prof I / Coordenador Pedagogic,1
0,Prof Ii - Lic. Plena,1
0,Prof Ii - Ocupação Pedagogica,1
0,"Prof,I Educação Fisica",1
0,Prof- Historia,1
0,Prof. De Educaçao Infantil,1
0,Prof. I,1
0,Professor Adjunto De Ed Infant,1
0,Professor Adjunto De Edicação,1
0,Professor De Educaçao Infantil,1
0,Professor De Ensino Fundament,1
0,Professor De Ensino Medio,1
0,Professor Docente I 30 Horas,1
0,Professor Faetec I 40 H,1
0,Professor I - Ciencias,1
0,Professor I - Geografia,1
0,Professor I Ingles,1
0,Professor Ii / Diretor Iv,1
0,Professor Ii Ingles,1
0,Professor Ii/Dir. Adjunto,1
0,Professorf Ii,1
0,Proii,1
0,Prossefor Docente,1
0,Recepcionista (Sms),1
0,Rofressor Ii,1
0,Roupeiro,1
0,Secretario Ii,1
0,Servente,1
0,Soldado Qm 07/01,1
0,Tec. De Enfermagem,1
0,Tecnico Em Ti,1
0,Tecnico Universitário,1
0,Tecnico Universitário Ii,1
0,Terc. Sargento,1
0,Terceiro Sargento,1
0,Técnico Em Radiologia,1
1,Professor Ii,531
1,Professor De Ensino Fundamenta,43
1,Professor,41
1,Prof Ii,26
1,Professor De Educação Infantil,19
1,Professor I,14
1,Professora Ii,13
1,Aposentada,12
1,Guarda Municipal,12
1,Agente De Administração,11
1,Prof.Ii,11
1,Prof. De Ensino Fundamental,10
1,Professora,10
1,Prof I,9
1,Prof De Ensino Fundamental,8
1,Prof. De Educação Infantil,8
1,Inspetor De Policia Penal,7
1,Assistente Social,6
1,Enfermeiro,6
1,Investigador Policial,6
1,Subtenente Pm,6
1,Ag De Administração,5
1,1º Sargento Pm,4
1,Engenheiro,4
1,Oficial De Cartorio Policial,4
1,Prof,4
1,Professor Docente Ii,4
1,Professor Ii / Diretor Iv,4
1,Subtenente Bm,4
1,Tecnico De Laboratorio,4
1,Tecnico Universitário Ii,4
1,Técnico Universitário Ii,4
1,Aux De Procuradoria,3
1,Enfermeira,3
1,Inspetor De Policia,3
1,Prof I - Ciencias,3
1,Prof I - Geografia,3
1,Prof. Ii,3
1,Professor De Educaçao Infantil,3
1,1º Tenente Bm,2
1,2º Sargento Bm,2
1,2º Sargento Pm,2
1,Ag. De Administração,2
1,Assistente,2
1,Aux. De Enfermagem,2
1,Cabo Pm,2
1,Datilografo,2
1,Digitador,2
1,Motorista,2
1,Oficial De Cartório Policial,2
1,Procurador Federal,2
1,Procuradora Geral,2
1,Prof De Educação Infantil,2
1,Prof I - Matematica,2
1,Professor 1 E 2 Grau,2
1,Professor De Ens. Fundamental,2
1,Professor Docente I - 30 Horas,2
1,Professor Educação Infantil,2
1,Professor Ensino Fundamental,2
1,Professor I - História,2
1,Professor Ii / Assistente Ii,2
1,Professor Ii/Diretor Iv,2
1,Servente,2
1,Técnico Universitário Superior,2
1,1º Sargento,1
1,1º Sargento Da Pm,1
1,3º Sargento Pm,1
1,Adv. Da Uniao,1
1,Ag De Administracao/Gerente Ii,1
1,Ag De Administração / Subgeren,1
1,Ag. Adm.,1
1,Ag. Aux De Administração,1
1,Ag. Aux. De Administracao,1
1,Ag. De Escritorio,1
1,Ag.De Administração,1
1,Age. Aux. De Administração,1
1,Agente Aux. De Administração,1
1,Agente De Educação Infantil,1
1,Agente De Escritorio,1
1,Agente De Fazenda,1
1,Analista Cvm,1
1,Aposentad,1
1,Aposentado,1
1,Arquiteto,1
1,Aspirante Of Bm,1
1,Ass. Adm,1
1,Ass. Adm.,1
1,Assessor (Das-7),1
1,Assessor Da Presidência,1
1,Assessor Tec Parlamentar,1
1,Assist Tecnico A (Rio Arte),1
1,Assist. Adm.,1
1,Assistente Administrativo,1
1,Assistente Social / Diretor Ii,1
1,Assistente Social / Diretor Iv,1
1,Assistente Social/Coordenador,1
1,Aux De Enfermagem - 2º G,1
1,Aux De Enfermagem 2º Grau,1
1,Aux Tec Defesa Civil/Assist I,1
1,Aux. Tec. De Defesa Civil,1
1,Auxiliar De Enfermagem,1
1,Bailarino,1
1,Capitao,1
1,Capitao Bm,1
1,Capitão Bm,1
1,Chefe De Centro,1
1,Ciências Contábeis,1
1,Contador,1
1,Contador Da Controladoria,1
1,Copeiro,1
1,Diretor,1
1,Eletricista De Rede,1
1,Encarregado De Setor,1
1,Enfermeiro Lei 7946'18,1
1,Enfermeiro/Diretor Iv,1
1,Eng. Civil,1
1,Eng. Mecanico,1
1,Escrivao Pol.Fed. 2A Clas,1
1,Esp. Leg. Niv 3,1
1,Esp.Legislativo,1
1,Espec Leg Niv,1
1,Especialidade De Educação,1
1,Especialista De Educaçao,1
1,Especialista De Educação,1
1,Especialista De Educação - Lic,1
1,Estatutario,1
1,Farmaceutico/Chefe Iii,1
1,Fiscal De Tributos,1
1,Fisioterapeuta,1
1,Fuc. Publuco Estadual,1
1,Funprevi Aposentada,1
1,Geólogo,1
1,Guarda Miunicipal,1
1,Guarda Municpal,1
1,Inspetor Policial,1
1,Medico Clin Medica,1
1,Medico Otorrinolaringologia,1
1,Merendeira,1
1,Merendeira/ Diretor Iv,1
1,Musico Instrumentista,1
1,Odontologo Lei 7946´18,1
1,Oficial De Justica,1
1,Op. De Maquinas Copiadoras,1
1,Orientador Educacional,1
1,Pencionista/Ag Pol Fed 1º,1
1,Pensionista,1
1,Perito Papiloscopista,1
1,Pintor(Rioluz),1
1,Policia Militar,1
1,Proc Federal Incra,1
1,Procurador Geral Fed,1
1,Prof - Educação Fisica,1
1,Prof De Educacao Infantil,1
1,Prof De Educaçao Infantil Ii,1
1,Prof Ensino Fundamental,1
1,Prof I - Ciências,1
1,Prof I - Educaçao Fisica,1
1,Prof I - Educação Fisica,1
1,Prof I - Lingua Portuguesa,1
1,Prof I - Matematica - Lic. Ple,1
1,Prof I - Matemática,1
1,Prof I - Tec Comerciais,1
1,Prof I -Espanhol,1
1,Prof I Educação Fisica,1
1,Prof I Lingua Portuguesa,1
1,Prof I Matematica,1
1,Prof I- Educação Fisica,1
1,Prof I- Historia / Diretor Iv,1
1,Prof Ii - Licenciatura Plena,1
1,Prof Ii / Diretor Iv,1
1,Prof Ii/Diretor Iv,1
1,Prof. De Ed. Infantil,1
1,Prof. De Educ. Infantil,1
1,Prof. Educ. Infantil,1
1,Prof. I - Ciências,1
1,Prof. I - História,1
1,Prof. I História,1
1,Prof. I Lingua Portuguesa,1
1,Prof. Ii Lic. Plena,1
1,Prof.Educação Fisica,1
1,Prof.I,1
1,Prof.Ii Coordenador Pedagógico,1
1,Professor Adj De Ed Infantil,1
1,Professor De Educacao Infantil,1
1,Professor De Educação Infanti,1
1,Professor De Ensino Medio Fund,1
1,Professor De Ensino Religioso,1
1,Professor De Nivel Superior (Q,1
1,Professor Do Ensino Fundamenta,1
1,Professor Docente - 18 Horas,1
1,Professor Docente I,1
1,Professor Docente I - 18 Horas,1
1,Professor Educ. Infantil,1
1,Professor Ens. Fundamental,1
1,Professor Faetec I 20H,1
1,Professor I - Educação Fisica,1
1,Professor I - Historia,1
1,Professor I - Lingua Portugues,1
1,Professor I Geografia,1
1,Professor I Ingles,1
1,Professor I Matematica,1
1,Professor Ii / Diretor Adj,1
1,Professor Ii Diretor,1
1,Professor Ii Educação Fisica,1
1,Professor Ii/ Diretor,1
1,Professor Ii/ Diretor Iv,1
1,Professor Ii/Diretor Adjunto,1
1,Professor-Artes Plasticas,1
1,Professora De Ensino Fundament,1
1,Professora Matematica,1
1,Professorii,1
1,Professsor Ii,1
1,Profissional De Nivel Medio,1
1,Profissional De Nivel Medio (,1
1,Profissional De Nivel Médio,1
1,Profissional De Nivel Superior,1
1,Psicologo/Gerente Ii,1
1,Recepcionista,1
1,Sargento Pm,1
1,Servente/ Assistente I,1
1,Servente/Assist. I,1
1,Soldado Pm,1
1,Sub Tenente Bm,1
1,Tec Administrativo,1
1,Tec De Prod E Organizacao,1
1,Tec. De Processador De Dados,1
1,Tec. Judiciario,1
1,Tec. Judiciario Ii,1
1,Tec. Laboratorio Anal. Clinica,1
1,Tecn Assuntos Educacional,1
1,Tecnico,1
1,Tecnico De Contabilidade,1
1,Tecnico De Enfermagem,1
1,Tecnico De Fazenda,1
1,Tecnico De Laboratório,1
1,Tecnico Em Ead / Divulgação Ci,1
1,Tecnico Judiciario,1
1,Tecnico Judiciario Ii,1
1,Tecnico Judiciario Iii,1
1,Tecnico Universitario Ii,1
1,Tecnico Universitario Superior,1
1,Ten Coronel,1
1,Trabalhador,1
1,Técnico De Enfermagem,1
1,Técnico De Laboratório,1
1,Técnico Executivo,1
1,Técnico Universitário,1
1,Zelador (Sms) Chefe Iii,1
2,Professor Ii,444
2,Trabalhador,380
2,Merendeira,363
2,Servente,358
2,Professor,112
2,Prof Ii,69
2,Motorista,54
2,Copeiro,42
2,Datilografo,42
2,Professora,39
2,Prof. Ii,37
2,Inspetor De Alunos,31
2,Professor I,18
2,Pensionista,17
2,Professora Ii,17
2,Servente (Sms),14
2,Especialista De Educação,13
2,Recepcionista,13
2,Prof I,11
2,Copeiro (Sms),10
2,Enfermeiro,10
2,Prof.Ii,10
2,Zelador,10
2,Copeira,9
2,Tecnico De Enfermagem,9
2,Eletricista De Rede,8
2,Guarda Municipal,8
2,Servente(Sms),8
2,Tecnico De Laboratorio,8
2,Roupeiro,7
2,Telefonista,7
2,Operador De Maquinas Pesadas,6
2,Prof. I,6
2,Tecnico De Higiene Dental,6
2,Feitor,5
2,Prof,5
2,Tecnico Em Radiologia,5
2,Trabalhador/Subgerente Iv,5
2,Copeiro(Sms),4
2,Desenhista,4
2,Enfermeira,4
2,Militar Ativo,4
2,Motorista Operador,4
2,Professor Ii/Diretor Adjunto,4
2,Servente ( Sms),4
2,Trabalhador/Subgerente Iii,4
2,Datilografa,3
2,Digitador,3
2,Militar Inativo,3
2,Motorista Oficial,3
2,Operador De Maq Auxiliares,3
2,Prof I - Historia,3
2,Roupeiro (Sms),3
2,Roupeiro(Sms),3
2,Secretario Escolar,3
2,Tec Enfermagem,3
2,Tec. De Higiene Dental,3
2,Tec. De Laboratorio,3
2,Tecnico Nivel Medio,3
2,Vigilante,3
2,Copeiro ( Sms),2
2,Datilografo/Assistente Ii,2
2,Eletricista De Rede (Rio Luz),2
2,Eletricista De Rede (Rioluz),2
2,Especial/Assistente,2
2,Especial/Diretor Iv,2
2,Fonoaudiologa,2
2,Gari,2
2,Nutricionista,2
2,Oficial Adm,2
2,Oficial De Fazenda,2
2,Op. De Maquinas Pesadas,2
2,Operador De Maq. Aux.,2
2,Operador De Maq. Auxiliares,2
2,Prof I - Geografia,2
2,Prof I - Lingua Portuguesa,2
2,Prof Ii/Diretor Adjunto,2
2,Prof. De Ensino Fundamental,2
2,Prof. Docente Ii,2
2,Professor De Educação Infantil,2
2,Professor De Ensino Fundamenta,2
2,Professor I - Historia,2
2,Professor Ii / Diretor Adj,2
2,Professora I,2
2,Professora Inativa,2
2,Professora Matematica,2
2,Profissional De Nivel Superior,2
2,Programador Computador,2
2,Psicologo,2
2,Sanitarista,2
2,Secretaria 3,2
2,Tec De Prod E Organização,2
2,Tec. De Enfermagem,2
2,Tecnico De Radiologia,2
2,Trabalahador,2
2,Trabalhador (Sms),2
2,Trabalhador(Sms),2
2,Trabalhador/Chefe,2
2,Trabalhador/Supervisor De Ativ,2
2,Auxiliar De Serviços De Sude,1
2,Auxiliar Operacional,1
2,Bombeiro,1
2,Chefe De Divisao,1
2,Chefe De Manutençao,1
2,Contabilista,1
2,Copeiro ( Sms ),1
2,Cozinheiro,1
2,Cozinheiro (Qs),1
2,Cpoeiro,1
2,Datigrafo,1
2,Datilagrafo,1
2,Datiligrafo,1
2,Datilografo ( Sms ),1
2,Datilografo (Sms),1
2,Datilografo(Sms),1
2,Datilografo/ Assistente,1
2,Datilografo/Secretario Ii,1
2,Datilografo/Subg Iv,1
2,Datilografof/Assistente,1
2,Datilógrafo,1
2,Desenhista Tec.,1
2,Diretor Iv,1
2,Diretora Adjunta,1
2,Divisao Administ. Niteroi,1
2,Eletrecista De Rede (Rioluz),1
2,Eletricista Instalador,1
2,Emfermeiro,1
2,Enfermeira (Aposentado),1
2,Enfermeira Inativa,1
2,Enfermeiro/ Aposentada,1
2,Enfermeiro/Chefe Ii,1
2,Engenheiro,1
2,Esp.De Educação,1
2,Espec. De Educação,1
2,Especial/Assistente I,1
2,Especial/Assistente Ii,1
2,Especial/Chefeii,1
2,Especialista De Educaçao - Lic,1
2,Especialista Em Educacao,1
2,Especialista Em Educação,1
2,Fazenda,1
2,Feitor (Sms),1
2,Feitor/Subgerente Iv,1
2,Fonoaudiologo,1
2,Guarda De Edemias,1
2,Guarda De Endemia,1
2,Ii Sargento P M,1
2,Ii Sargento P.M,1
2,Ii Sargento P.M.,1
2,Iii Sargento Pm,1
2,Inativa,1
2,Insp. De Alunos,1
2,Inspetor Aluno,1
2,Inspetor De Alino,1
2,Inspetor De Aluno,1
2,Inspetor De Alunos/Chefe Ii,1
2,Isnpetor De Alunos,1
2,Lavadeiro,1
2,Lavandeiro,1
2,Lavandeiro (Sms),1
2,Lavandeiro(Sms),1
2,Mapotecario (Rioluz),1
2,Mec. De Maquinas,1
2,Medico Clinica Médica,1
2,Medico Neurologia,1
2,Medico Pediatra,1
2,Merdendeira,1
2,Merendeir,1
2,Merendeira (Ciep),1
2,Merendeira / Diretor,1
2,Merendeira Aposentada,1
2,Merendeira/ Assistente Ii,1
2,Merendeira/Chefe Ii,1
2,Merendeiro,1
2,Militar Reformado,1
2,Motorista ( Lei 1561/90),1
2,Motorista (Rioluz),1
2,Motorista Operador (Rioluz),1
2,Mrendeiro,1
2,Odontologica,1
2,Ofic.Cart.Policia,1
2,Op De Maquinas,1
2,Op. Maq. Auxiliares,1
2,Op.De Maq.Auxiliares,1
2,Oper.De Maquinas Pesadas,1
2,Operador De Maq.Pesadas,1
2,Operador De Mq.Pesadas,1
2,Operador Telex,1
2,Operadora De Camara Escura,1
2,Pencionista,1
2,Pprof Ii,1
2,Prefessor,1
2,Prof -Educação Fisica,1
2,Prof 1 Ling.,1
2,Prof 2 Lic. Plena,1
2,Prof Artes Plast,1
2,Prof De Educação Infantil,1
2,Prof Doc,1
2,Prof Docente,1
2,Prof Docente 2 A,1
2,Prof Docente I,1
2,Prof Docente Ii B Ref 7,1
2,Prof Historia Lic Plena,1
2,Prof I - Ciencias,1
2,Prof I - Ciências,1
2,Prof I - Estudos Socias,1
2,Prof I - Ligua Portuguesa,1
2,Prof I Educação De Musica,1
2,Prof I Educação Musical,1
2,Prof I Espanhol,1
2,Prof I Geografia,1
2,Prof I Historia - Lic .Plena,1
2,Prof I Lingua Portuguesa,1
2,Prof I Matematica,1
2,Prof I- Historia,1
2,Prof I- Matematica,1
2,Prof Ii - Lic. Plena,1
2,Prof Ii Aposenata,1
2,Prof Ii Lic Plena,1
2,Prof Ii- Aposentada,1
2,Prof Ii/ Diretor Iv,1
2,Prof-Educação Fisica,1
2,Prof-Lingua Portuguesa,1
2,Prof.,1
2,Prof. 1,1
2,Prof. 2,1
2,Prof. Classe 2,1
2,Prof. De Educação Infantil,1
2,Prof. Frances,1
2,Prof. I - Ciências,1
2,Prof. I - Geografia,1
2,Prof. I - Lingua Portuguesa,1
2,Prof. I - Matem. / Diprofessor,1
2,Prof. I . Ed.Fisica,1
2,Prof. I Geografia,1
2,Prof. Ii - Lic. Plena,1
2,Prof. Ii Plena Licença,1
2,Prof.Docente Ii A,1
2,Prof.I Geografia Lic.Plen,1
2,Prof.I Ling. Portuguesa,1
2,Prof.Ii Historia,1
2,Prof.Ii Lic. Plena,1
2,Prof: 11 Lic. Plena,1
2,Profesoor Ii,1
2,Profesora,1
2,Professor - Frances,1
2,Professor 1 E 2 Grau,1
2,Professor 1 E 2 Graus,1
2,Professor 2,1
2,Professor 3º Grau,1
2,Professor Aposentada,1
2,Professor De Fisica,1
2,Professor De Historia,1
2,Professor De Matematica,1
2,Professor Docente I - 18 Hora,1
2,Professor Docente I - 18 Horas,1
2,Professor Docente Ii,1
2,Professor Docente Inativo,1
2,Professor Educação Fisica,1
2,Professor Faetec I 20 H,1
2,Professor I - Ciencias,1
2,Professor I - Ciências,1
2,Professor I - Ed. Musical,1
2,Professor I - Educação Fisica,1
2,Professor I - Educação Física,1
2,Professor I - Espanhol,1
2,Professor I - Ling. Portuguesa,1
2,Professor I -Matematica,1
2,Professor I Educaçao Fisica,1
2,Professor I Historia,1
2,Professor I Matemática,1
2,Professor I-Educação Fisica,1
2,Professor Ii - Historia,1
2,Professor Ii / Diretoprofessor,1
2,Professor Ii Coordenador Pedag,1
2,Professor Ii Diretor Adjunto,1
2,Professor Ii/ Assistente Ii,1
2,Professor Ii/ Diretor Iv,1
2,Professor Ii/Assistente Ii,1
2,Professor Primário,1
2,Professor/ Aposentado,1
2,Professor/Iiassistente,1
2,Professora I Matemática,1
2,Professora Lingua Portuguesa,1
2,Profi,1
2,Profii Lic Plen/Dir,1
2,Promotor De Vendas,1
2,Rad. Radiologista Enf,1
2,Recepcionista (Sms),1
2,Recepcionista / Gerente Iii,1
2,Ropeiro ( Sms),1
2,Roupeiro ( Sms),1
2,Sargento (Aposentado),1
2,Sargento Pm,1
2,Sb.Oficial Marinha Do Brasil,1
2,Sec. Saude Aux.Enfermagem,1
2,Secretaria Executiva,1
2,Secretaria Ii Inativa,1
2,Secretaria Jr,1
2,Segundo-Sargento,1
2,Servente / Assistente Ii,1
2,Servente Supervisor,1
2,Servente/Assit.,1
2,Servente/Chefe,1
2,Sevente,1
2,Soldado Pm,1
2,Sub Oficial,1
2,Subtenente,1
2,Subtenete Pm,1
2,Tec Assuntos Educacionais,1
2,Tec De Cadastro Rural,1
2,Tec De Hig Dental,1
2,Tec De Prod E Organizaçao,1
2,Tec De Saude Publico,1
2,Tec Judiciario,1
2,Tec Judiciario 1,1
2,Tec Radiologia,1
2,Tec. Ass. Educacional,1
2,Tec. De Contabilidade,1
2,Tec. De Procuradoria,1
2,Tec. Em Radiologia,1
2,Tec. Fazenda,1
2,Tec. Laboratorio,1
2,Tec. Preidenciario Niv.3,1
2,Tec.Judicarioii,1
2,Tecn. De Produção E Organizaçã,1
2,Tecnica De Laboratorio,1
2,Tecnica E Educacao,1
2,Tecnico,1
2,Tecnico Contabilidade,1
2,Tecnico De Equipamentos Médico,1
2,Tecnico De Laboratorio Hemoter,1
2,Tecnico De Laboratorio Lei 794,1
2,Tecnico De Laboratório,1
2,Tecnico De Nivel Medio,1
2,Tecnico De Produção E Organiza,1
2,Tecnico De Saude Publica,1
2,Tecnico Judiciario,1
2,Tecnico Laboratorio,1
2,Telefomista,1
2,Trabalhador ( Rio Luz),1
2,Trabalhador (Qs),1
2,Trabalhador / Secretario I,1
2,Trabalhador / Subgerente Iii,1
2,Trabalhador 2 ( Rio Esportes),1
2,Trabalhador Chefe 2,1
2,Trabalhador/ Assistente Ii,1
2,Trabalhador/ Superv Atividades,1
2,Trabalhador/ Supervisor De Ati,1
2,Trabalhador/Assistente Ii,1
2,Trabalhador/Assitente Ii,1
2,Trabalhador/Chefe Ii,1
2,Trabalhador/Subgerencia Iii,1
2,Trabalhador/Subgerente,1
2,Trabalhador/Subgrente Iv,1
2,Trabalhador/Supervisor,1
2,Trabalhor,1
2,Tratador De Animais,1
2,Técnico,1
2,Técnico De Enfermagem,1
2,Técnico De Laboratorio Lei 794,1
2,Técnico De Laboratório,1
2,Técnico De Radiologia,1
3,Aposentada,241
3,Aux De Enfermagem 2º Grau,185
3,Aux. De Enfermagem,88
3,Aux De Enfermagem,79
3,Auxiliar De Enfermagem,70
3,Agente De Administração,67
3,Aposentado,64
3,Ag De Administração,52
3,Agente De Vigilancia,44
3,Agente De Portaria,40
3,Agente De Educação Infantil,35
3,Ag. De Educação Infantil,26
3,Aux De Enfermagem 1º Grau,24
3,Ag. De Administração,20
3,Ag. De Vigilancia,19
3,Ag De Educação Infantil,17
3,Agente Administrativo,16
3,Aux. De Enfermagem 2º Grau,15
3,Agente Educador Ii,14
3,Ag. De Portaria,12
3,Art. De Alvenaria E Pintura,12
3,Agente Comunitario,11
3,Agente Comunitario Nivel Ii,11
3,Art De Alvenaria E Pintura,11
3,Aux. De Enf.,11
3,Ag De Portaria,10
3,Agente Auxiliar De Administraç,9
3,Art De Pav E Pedreira,9
3,Aux. De Enfermagem - 2º Grau,9
3,Auxiliar De Enfermagem 2º Grau,9
3,Ag Comunitario Nivel Ii (Qs),8
3,Art De Pavimentação E Pedreira,8
3,Aux De Enfermagem 2ª Grau,8
3,Auxiliar De Enfermagem 2° Grau,8
3,Ag Comunitario,7
3,Ag. Aux. De Administração,7
3,Agente De Administraçao,7
3,Art De Mecanica,7
3,Ascensorista,7
3,Aux. Creche,7
3,Ag. Adm.,6
3,Agente De Administracao,6
3,Agente De Material,6
3,Ajudante De Eletricista,6
3,Art. De Pavimentação E Pedreir,6
3,Assistente Social,6
3,Ag Administração,5
3,Ag Aux De Administração,5
3,Ag De Vigilancia,5
3,Ag Educação Infantil,5
3,Ag. Administração,5
3,Ag. Comunitario,5
3,Ag. Comunitario Nivel Ii,5
3,Art De Alv E Pintura,5
3,Art De Jardim E Arboricultura,5
3,Art. De Mecanica,5
3,Assist. Adm.,5
3,Aux. Op. Serv. Div.,5
3,Aux.De Enfermagem,5
3,Ag Comunitario Nivel I (Qs),4
3,Ag. Adm,4
3,Ag. Administrativo,4
3,Ag. Aux De Administração,4
3,Ag. De Adm.,4
3,Agente Aux. De Creche,4
3,Agente Auxiliar De Administrac,4
3,Agente Comunitario Nivel I,4
3,Agente Comunitário Nivel Ii,4
3,Agente De Adm.,4
3,Agente De Administracão,4
3,Agente De Documentação Medica,4
3,Agente De Vigilância,4
3,Art De Cozinha,4
3,Art. De Jardim E Arboricultura,4
3,Art. De Pav. E Pedreira,4
3,Ass. Admin.,4
3,Aux De Enfermagem 2° Grau,4
3,Aux De Enfermagem 2ºgrau,4
3,Aux. De Enfermagem 1º Grau,4
3,Aux. De Serviços De Saude,4
3,Aux.Operac.Serv. Diversos,4
3,Auxiliar Operacional,4
3,Ag Aux De Creche,3
3,Ag. Admin,3
3,Ag. Comunitario Nivel I,3
3,Ag. De Administraçao,3
3,Ag. Vigilancia,3
3,Agente Aux De Administração,3
3,Agente Aux. De Adm.,3
3,Agente Aux. De Administração,3
3,Agente Comunitario Nivel Ii (Q,3
3,Agente Executivo,3
3,Animador Cultural,3
3,Armazenista (Rioluz),3
3,Art De Carp E Marcenaria,3
3,Art. De Cozinha,3
3,Art. De Eletricidade,3
3,Art. De Est. De Obras De Metal,3
3,Ass. Administrativo,3
3,Assist. Administracao,3
3,Aux De Controle De Endemias,3
3,Aux De Serv Gerais,3
3,Aux De Serviços De Veterinaria,3
3,Aux. De Creche,3
3,Aux. Op. Serv. Diversos,3
3,Aux. Operac. Serv. Div.,3
3,Aux. Operacional,3
3,Aux. Serv. Gerais,3
3,Aux.Creche,3
3,Auxi De Enfermagem,3
3,Auxiliar De Enfermagem - 2º Gr,3
3,Auxiliar De Serviços De Saúde,3
3,Adjunto,2
3,Administrador,2
3,Ag Adm,2
3,Ag Aux De Adm,2
3,Ag Aux De Administracao,2
3,Ag Aux De Administraçao,2
3,Ag Comunitario Nivel Ii,2
3,Ag De Administraçao,2
3,Ag. Comunitario Nivel Ii (Qs),2
3,Ag. De Administração / Gerente,2
3,Ag. De Doc. Medica,2
3,Ag. De Ed. Infantil,2
3,Ag. De Material,2
3,Ag. De Vig.,2
3,Ag. Educação Infantil,2
3,Ag. Operador De Transito,2
3,Ag. Portaria,2
3,Agente Adm.,2
3,Agente Administrativa,2
3,Agente Auxiliar De Adm.,2
3,Agente Auxiliar De Creche,2
3,Agente Comunitaria Nivel Ii,2
3,Agente Comunitario Nivel I (Qs,2
3,Agente Comunitário Nivel I,2
3,Agente De Comunicação,2
3,Agente De Documentaçao Medica,2
3,Agente De Ed. Infantil,2
3,Agente De Educaçao Infantil,2
3,Agente De Portaria (Sms),2
3,Agente De Saude,2
3,Agente Operador De Transito,2
3,Art De Alv. E Pintura,2
3,Art De Artes Graficas,2
3,Art De Cost E Confecção,2
3,Art De Cozinha (Sms),2
3,Art De Est De Obras De Metal,2
3,Art De Jard E Arboricultura,2
3,Art De Jardin E Arboricultura,2
3,Art De Servicos De Garagem,2
3,Art. De Alvarenga E Pintura,2
3,Art. De Cozinha (Sms),2
3,Art. De Inst. Hidraulicas,2
3,Art. De Pavimentacao E Pedreir,2
3,Art. De Serviços De Garagem,2
3,Assist.Ciencia Tec F.Ibge,2
3,Assistente Ii,2
3,Aux De Enfermagem 1° Grau,2
3,Aux De Enfermagem 2 º Grau,2
3,Aux De Serv De Saude,2
3,Aux. De Enfermagem - 2ª Grau,2
3,Aux. De Enfermagem 1° Grau,2
3,Aux. De Enfermagen,2
3,Aux. De Laboratorio,2
3,Aux. De Serv. De Saude,2
3,Aux. Operac.Serv.Diversos,2
3,Auxiliar De Controle De Endemi,2
3,Auxiliar De Emfermagem,2
3,Auxiliar De Laboratorio,2
3,Auxiliar Tec De Defesa Civil,2
3,1§ Sargento,1
3,2º Sargento Do Exc,1
3,3 Sargento,1
3,3º Sargento Bm,1
3,3º Sargento Pm,1
3,Adjunto De Gabinete,1
3,Administracao,1
3,Advogada,1
3,Ag Administrativo,1
3,Ag Administrativo Aposentado,1
3,Ag Aux Administração,1
3,Ag Aux. De Administração,1
3,Ag Auxiliar Administração,1
3,Ag Auxiliar De Administraçao,1
3,Ag Auxiliar De Creche,1
3,Ag Com,1
3,Ag Comunitário Nivel I,1
3,Ag De Administração/ Subgerent,1
3,Ag De Administração/Chefe Ii,1
3,Ag De Aducação Infantil,1
3,Ag De Comunicação,1
3,Ag De Defesa Civil,1
3,Ag De Doc.Médica,1
3,Ag De Documentação/Chefe Iii,1
3,Ag De Educação,1
3,Ag De Portaria ( Sms),1
3,Ag De Saude Publica,1
3,Ag De Vigilancia / Assessor Ii,1
3,Ag De Vigilancia / Assistente,1
3,Ag De Vigilancia/Assistente Ii,1
3,Ag Deadministração,1
3,Ag Defesa Civil / Subgerente I,1
3,Ag Documentação Medica,1
3,Ag Educador Ii,1
3,Ag Exe,1
3,Ag Operador De Transito,1
3,"Ag, De Educação Infantil",1
3,Ag. Aux De Administrativo,1
3,Ag. Aux. Adm,1
3,Ag. Aux. Administração,1
3,Ag. Aux. De Aadm.,1
3,Ag. Aux. De Administraçao,1
3,Ag. Auxiliar De Administraçao,1
3,Ag. Auxiliar De Administração,1
3,Ag. Comun.,1
3,Ag. Comun. Nivel I,1
3,Ag. Comun. Nivel Ii,1
3,Ag. Comunic.,1
3,Ag. Comunitaria Nivel I(Qs),1
3,Ag. Comunitario Nivel,1
3,Ag. Comunitario Nível Ii,1
3,Ag. Comunitário,1
3,Ag. Comunitário Nivel I,1
3,Ag. Comunitário Nivel Ii (Qs),1
3,Ag. De Adm,1
3,Ag. De Adm .,1
3,Ag. De Administracao,1
3,Ag. De Administração/Chefe I,1
3,Ag. De Administração/Chefe Ii,1
3,Ag. De Administração/Secret.I,1
3,Ag. De Adminsitração,1
3,Ag. De Adminstração,1
3,Ag. De Comun.,1
3,Ag. De Comunicação,1
3,Ag. De Defesa Civil,1
3,Ag. De Doc. Medica/Chefe Ii,1
3,Ag. De Doc. Medico,1
3,Ag. De Documentação Medica,1
3,Ag. De Documento Medico,1
3,Ag. De Educação Inaftil,1
3,Ag. De Escritorio,1
3,Ag. De Pag. Pessoal 1,1
3,Ag. De Portaria (Sms) / Aux. D,1
3,Ag. De Saude Publica,1
3,Ag. De Saúde Publica,1
3,Ag. De Saúde Pública,1
3,Ag. De Trabalhos De Engenharia,1
3,Ag. De Vigiliança,1
3,Ag. Documentaçao Medica,1
3,Ag. Documentação Medica,1
3,Ag. Educador Ii,1
3,Ag. Executivo,1
3,Ag. Material,1
3,Ag. Pag// De Pessoal 1,1
3,Ag. Planejamento 2,1
3,Ag.Adm.,1
3,Ag.Admin,1
3,Ag.Aux.Adiministrativo,1
3,Ag.Aux.Adm.,1
3,Ag.Comunit.Nivel Ii/Assist Ii,1
3,Ag.Comunitario Nivel Ii,1
3,Ag.Creche,1
3,Ag.De Administração,1
3,Ag.De Documentação Medica,1
3,Ag.De Portaria,1
3,Ag.Vig.,1
3,Ag.Vigilante,1
3,Age Comunitario Nivel Ii,1
3,Agen. Administrativo,1
3,Agende Vigilancia,1
3,Agent De Administração,1
3,Agente Adm Universitário,1
3,Agente Adm/,1
3,Agente Administracao,1
3,Agente Administrativo I,1
3,Agente Administração,1
3,Agente Admonistrativo,1
3,Agente Aux. De Adm,1
3,Agente Auxi. De Administração,1
3,Agente Auxiliar Administrativo,1
3,Agente Comunitaria Nivel I (Qs,1
3,Agente Comunitario Nivel I(Qs),1
3,Agente Comunitario Niveli {Qs},1
3,Agente Comunitário - Nivel Ii,1
3,Agente Comunitário Ii,1
3,Agente Da Portaria,1
3,Agente De Adm Previdenciária,1
3,Agente De Administração/Assist,1
3,Agente De Administração/Chefe,1
3,Agente De Administrção,1
3,Agente De Adminstração,1
3,Agente De Comunitario Nivel I,1
3,Agente De Documentação Médica,1
3,Agente De Documento Medica,1
3,Agente De Educ. Infantil,1
3,Agente De Educacao Infantil,1
3,Agente De Escritorio,1
3,Agente De Escritório,1
3,Agente De Portaria ( Sms),1
3,Agente De Portaria Da Procura,1
3,Agente De Portaria Da Procurad,1
3,Agente De Portaria(Sms),1
3,Agente De Portaria/Chefe I,1
3,Agente De Saude Publica,1
3,Agente De Seguranca,1
3,Agente De Transporte,1
3,Agente De Vigiag De Vigilancia,1
3,Agente De Vigilancia (Qs),1
3,Agente De Vigilancia (Sms),1
3,Agente De Vigilante,1
3,Agente De Vigiliancia,1
3,Agente De Vigilância (Sms),1
3,Agente Defesa Civil,1
3,Agente Educador,1
3,Agente Educadora Ii,1
3,Agente Educação,1
3,Agente Executivo Iii,1
3,Agente Vig.,1
3,Agente Vigilancia,1
3,Agente. De Vig.,1
3,Agnte Administrativo,1
3,Agt. Adm.,1
3,Aj De Eletricista,1
3,Ajudante De Almoxarifado,1
3,Ajudante Geral,1
3,Ajudante I,1
3,Anistiado,1
3,Aponsentado,1
3,Armazenista,1
3,Arquiteto,1
3,Arquiteto\Assistente I,1
3,Art .De Instalaçoes Hidraulica,1
3,Art De Alv En.Epintura,1
3,Art De Alvenaria Pintura,1
3,Art De Auvenaria E Pintura,1
3,Art De Eletrecidade,1
3,Art De Eletricidade,1
3,Art De Grafica,1
3,Art De Inst Hidraulicas,1
3,Art De Instacoes Hidraulica,1
3,Art De Instalacoes Hidraulicas,1
3,Art De Instalação Hidraulica(S,1
3,Art De Pav E Pedeira,1
3,Art De Pav E Pintura,1
3,Art De Pav. E Pedreira,1
3,Art De Pavimentacao E Pedreir,1
3,Art De Pavimentacao E Pedreira,1
3,Art De Pavimentação E Pedreiro,1
3,Art De Tratamento De Aguas,1
3,Art De Usina,1
3,Art De Usina / Subgerente Iv,1
3,Art Pav E Pedreira,1
3,Art. Alvenaria E Pint.,1
3,Art. De Alv. E Pint.,1
3,Art. De Artes Graficas,1
3,Art. De Barb E Cabeleireiro(Sm,1
3,Art. De Barb. E Cabel.,1
3,Art. De Carp. E Marcenaria,1
3,Art. De Carp. Marcenaria,1
3,Art. De Carpint E Marcenaria,1
3,Art. De Carpint. E Marcenaria,1
3,Art. De Cos. E Confecção,1
3,Art. De Cost. E Confeccao,1
3,Art. De Est De Obras De Metal,1
3,Art. De Est.De Ob. Metalurgia,1
3,Art. De Inst. Hidraulicas/Chef,1
3,Art. De Instalações Hidraulica,1
3,Art. De Jardim,1
3,Art. De Obras,1
3,Art. De Pav. E Pedeira,1
3,Art. De Pav. E Pederira,1
3,Art. De Pavimentaçao E Pedreir,1
3,Art. De Servços De Garagem,1
3,Art. De Usina,1
3,Art. Estrut. De Obras De Met.,1
3,Art. Jardin E Arboricultura,1
3,Art.Alvenaria E Pintura,1
3,Art.De Alv.E Pintura,1
3,Art.De Alvenaria,1
3,Art.De Cozinha,1
3,Art.De Est De Obras De Metal,1
3,Art.De Jardin,1
3,Art.De Jardin E Arboricultura,1
3,Art.De Pav.E Pedreira/Subgeren,1
3,Art.De Pavimentação,1
3,Art.Estr.De Obras Metalurgia,1
3,Art.Pav E Pedreira,1
3,Art.Pav.E Pedreira,1
3,Art.Pavimento E Pedreira,1
3,Arte De Alvenaria,1
3,Artifice De Mecanica,1
3,Artifice L Sju,1
3,Ascensorista (Sms),1
3,Ascensorista/Assistente Ii,1
3,Ass Ciencia E Tecnologia,1
3,Ass De Gabinete,1
3,Ass. Adm.,1
3,Ass. Administracao,1
3,Ass. Tec. Parlamentar,1
3,Ass.Admin.,1
3,Ass.Administracao,1
3,Ass.Ciencia E Tec. Ii,1
3,Asse. Esp. De T. Parlam.,1
3,Assessor Adjunto,1
3,Assis.Legislativo Aposen.,1
3,Assist Administrativo,1
3,Assist. Adm,1
3,Assist. Social,1
3,Assistente,1
3,Assistente Administrativo,1
3,Assistente I,1
3,Assistente Legislativo,1
3,Assistente Tecnica,1
3,Assistente Tecnico,1
3,Assit Adm,1
3,Assit. Adm.,1
3,Asst Admin,1
3,Asst Tec,1
3,Atendente Ao Público,1
3,Atendente De Consultorio Denta,1
3,Atr De Jardim E Arboricultura,1
3,Auix De Enfermagem,1
3,Auux. De Enfermagem,1
3,Aux De Creche,1
3,Aux De E Enfermagem,1
3,Aux De Enf. 2º Grau / Chefe Ii,1
3,Aux De Enfemagem 2ª Grau,1
3,Aux De Enfermagem - 1° Grau,1
3,Aux De Enfermagem - 2ª Grau,1
3,Aux De Enfermagem - 2° Grau,1
3,Aux De Enfermagem 1ª Grau,1
3,Aux De Enfermagem 2 Grau,1
3,Aux De Enfermagem 2° Garu,1
3,Aux De Enfermagem 2º Grau/Chef,1
3,Aux De Enfermagem Ii,1
3,Aux De Enfermagem Inativa,1
3,Aux De Enfermagem I° Grau,1
3,Aux De Enfermagem2º Grau,1
3,Aux De Enfermgem 1º Grau,1
3,Aux De Imob.Em Ortopedia,1
3,Aux De Imobilização Em Ortoped,1
3,Aux De Laboratorio,1
3,Aux De Laboratório,1
3,Aux De Procuradoria,1
3,Aux De Serv De Apoio,1
3,Aux De Serv De Saúde,1
3,Aux De Serv.De Veterinaria,1
3,Aux De Servicos De Saude,1
3,Aux De Servicos Gerais,1
3,Aux De Serviço De Saúde,1
3,Aux De Serviços De Saude,1
3,Aux De Serviços De Veterinario,1
3,Aux De Serviços Gerais (Qs),1
3,Aux De Serviços Veterinario,1
3,Aux Deadministração,1
3,Aux Deenfermagem 2º Grau,1
3,Aux Enfermagem,1
3,Aux Enfermagem 2 ° Grau,1
3,Aux Enfermagem 2º Grau,1
3,Aux Enfermagem Inativo,1
3,Aux Imobilização Ortopédica,1
3,Aux. Administrativo A,1
3,Aux. Adminitrativo,1
3,Aux. De Enf,1
3,Aux. De Enf..,1
3,Aux. De Enfemagem-2 Grau,1
3,Aux. De Enfermagem - 1ª Grau,1
3,Aux. De Enfermagem - 1º Grau,1
3,Aux. De Enfermagem - 2 Grau,1
3,Aux. De Enfermagem - 2. Grau,1
3,Aux. De Enfermagem 2 Grau,1
3,Aux. De Enfermagem 2. Grau,1
3,Aux. De Enfermagem 2ª Grau,1
3,Aux. De Enfermagem 2° Grau,1
3,Aux. De Enfermagem I,1
3,Aux. De Enfermagem Serv. De Ap,1
3,Aux. De Enfermagem- 2º Grau,1
3,Aux. De Enfermagem-2. Grau,1
3,Aux. De Enfermagem-2º Grau,1
3,Aux. De Escritorio,1
3,Aux. De Imobilização Em Ortope,1
3,Aux. De Procuradoria,1
3,Aux. De Saúde,1
3,Aux. De Ser Gerais,1
3,Aux. De Ser. Gerais,1
3,Aux. De Serv. De Veterinaria,1
3,Aux. De Serv. Hospitalares,1
3,Aux. De Serv. Saúde,1
3,Aux. Enferm,1
3,Aux. Enferm.,1
3,Aux. Enferm. 2 Grau,1
3,Aux. Enfermagem,1
3,Aux. Enfermagem 2º Grau,1
3,Aux. Enfermargem,1
3,Aux. Imobilizaçao Em Ortopedia,1
3,Aux. Oper. Serv. Div.,1
3,Aux. Operac. Serv. Divs,1
3,Aux. Operac.Serv. Div.,1
3,Aux. Tec De Defesa Civil/ Dire,1
3,Aux.. De Enfermagem,1
3,Aux.De Enfermagem - 2º Grau,1
3,Aux.De Enfermagem 2° Grau,1
3,Aux.De Enfermagem I,1
3,Aux.De Imob.Em Ortopedia,1
3,Aux.De Ser. De Saúde,1
3,Aux.De Serviço De Saude,1
3,Aux.Op.Serv. Diversos,1
3,Aux.Operac Serv.Diversos,1
3,Aux.Operac. Serv.Diversos,1
3,"Auxi, De Enfermagem",1
3,Auxi. De Enf.,1
3,Auxi.De Imob. Em Ortopedia,1
3,Auxiliar ( Dec 14174/95),1
3,Auxiliar (Dec 14174/95),1
3,Auxiliar De Controles De Endem,1
3,Auxiliar De Enfermagem ( Enq.,1
3,Auxiliar De Enfermagem (Enq. F,1
3,Auxiliar De Enfermagem - 2° G,1
3,Auxiliar De Enfermagem - 2° Gr,1
3,Auxiliar De Enfermagem -1ª Gra,1
3,Auxiliar De Enfermagem 1° Grau,1
3,Auxiliar De Enfermagem 1º Grau,1
3,Auxiliar De Enfermagem 2ª Grau,1
3,Auxiliar De Enfermagem- 2.Grau,1
3,Auxiliar De Enfermagem- 2ª Gra,1
3,Auxiliar De Enfermagem-2º Grau,1
3,Auxiliar De Enfremagem-2ºgrau,1
3,Auxiliar De Laboratório,1
3,Auxiliar De Servicos De Saude,1
3,Auxiliar De Serviço De Apoio,1
3,Auxiliar De Serviço De Saude,1
3,Auxiliar De Serviço De Saúde,1
3,Auxiliar De Serviços De Saude,1
3,Bibliotecaria,1
3,Bibliotecario Diretor Ii,1
3,Borracheiro,1
3,Cabo Bm 000/91,1
3,Copeiro,1
